File,URL
HollyRandall.com_13.04.15.Alaina.Fox.Shes.A.Fox.XXX.IMAGESET-GAGBALL,https://rarbg.to/torrent/gs1mcfo
HollyRandall.com_13.04.22.Destiny.Dixon.Riding.Towards.Destiny.XXX.IMAGESET-GAGBALL,https://rarbg.to/torrent/5sd3l16
HollyRandall.com_13.04.26.Jayden.Jaymes.Summer.Dress.READNFO.XXX.IMAGESET-GAGBALL,https://rarbg.to/torrent/8qg2pcz
HollyRandall.com_13.05.01.Cassidey.Cassideys.Comeback.XXX.IMAGESET-GAGBALL,https://rarbg.to/torrent/loi5rhz
HollyRandall.com_13.05.03.Gabi.Bathroom.Pin-Up.XXX.IMAGESET-GAGBALL,https://rarbg.to/torrent/bexnpd8
HollyRandall.com_13.05.10.Angel.Red.Couch.READNFO.XXX.IMAGESET-GAGBALL,https://rarbg.to/torrent/nr93s1l
HollyRandall.com_13.05.16.Candle.Boxxx.The.Good.Wife.XXX.IMAGESET-GAGBALL,https://rarbg.to/torrent/12q7zg8
HollyRandall.com_13.05.17.Marica.Hase.Wet.Dreams.XXX.IMAGESET-GAGBALL,https://rarbg.to/torrent/xfhzusj
HollyRandall.com_13.05.22.Shyla.Jennings.Sunday.Afternoon.XXX.IMAGESET-GAGBALL,https://rarbg.to/torrent/oqbxm6a
HollyRandall.com_13.05.27.Sunny.Leone.Sunshine.Of.Your.Love.XXX.IMAGESET-GAGBALL,https://rarbg.to/torrent/93dlsqt
HollyRandall.com_13.05.29.Brea.Bennett.Blonde.Ambition.XXX.IMAGESET-GAGBALL,https://rarbg.to/torrent/i9avbpd
HollyRandall.com_13.06.03.Dani.Daniels.and.Skin.Diamond.Threes.Company.XXX.IMAGESET-GAGBALL,https://rarbg.to/torrent/3kh21lz
HollyRandall.com_13.06.07.Lauren.WK.Secrets.XXX.IMAGESET-GAGBALL,https://rarbg.to/torrent/qai546n
HollyRandall.com_13.06.14.Tiffany.Thompson.The.Beauty.XXX.IMAGESET-GAGBALL,https://rarbg.to/torrent/41i6wuq
HollyRandall.com_13.06.17.Danielle.Trixie.The.Wet.Look.XXX.IMAGESET-GAGBALL,https://rarbg.to/torrent/9rw7ef8
HollyRandall.com_13.06.21.Mia.Malkova.and.Raven.Rockette.Girlfriends.XXX.IMAGESET-GAGBALL,https://rarbg.to/torrent/m68po29
HollyRandall.com_13.06.26.Miela.Casual.Beauty.XXX.IMAGESET-GAGBALL,https://rarbg.to/torrent/eot8lsq
HollyRandall.com_13.07.01.Gisele.Animal.Instincts.XXX.IMAGESET-GAGBALL,https://rarbg.to/torrent/uj9wrti
HollyRandall.com_13.07.05.Lily.Carter.Glamour.Puss.XXX.IMAGESET-GAGBALL,https://rarbg.to/torrent/qn27aic
HollyRandall.com_13.07.10.Kennedy.Nash.Pretty.Sweet.XXX.IMAGESET-GAGBALL,https://rarbg.to/torrent/yjk6bpu
HollyRandall.com_13.07.13.Lacy.Channing.An.Evening.In.XXX.IMAGESET-GAGBALL,https://rarbg.to/torrent/g2bpuaz
HollyRandall.com_13.07.19.Masuimi.Max.Apocalypse.XXX.IMAGESET-GAGBALL,https://rarbg.to/torrent/v8i6bo4
HollyRandall.com_13.07.26.Destiny.Dixon.and.Jayden.Jaymes.Peekaboo.XXX.IMAGESET-GAGBALL,https://rarbg.to/torrent/wg617ju
HollyRandall.com_13.07.29.Mia.Manarote.Blue.Eyes.XXX.IMAGESET-GAGBALL,https://rarbg.to/torrent/c4h5skt
HollyRandall.com_13.08.02.Bella.Baby.My.Sweet.Baby.XXX.IMAGESET-GAGBALL,https://rarbg.to/torrent/jksdvac
HollyRandall.com_13.08.03.Teddy.Rae.The.Natural.XXX.IMAGESET-GAGBALL,https://rarbg.to/torrent/zk83v2w
HollyRandall.com_13.08.07.Conny.The.Lover.XXX.IMAGESET-GAGBALL,https://rarbg.to/torrent/oc6q7xw
HollyRandall.com_13.08.10.Jessi.June.Lovely.In.June.XXX.IMAGESET-GAGBALL,https://rarbg.to/torrent/3olgvhx
HollyRandall.com_13.08.12.Nikki.Lee.Young.Hell.Rider.XXX.IMAGESET-GAGBALL,https://rarbg.to/torrent/k9rf7ze
HollyRandall.com_13.08.17.Rahyndee.James.Executive.Decision.XXX.IMAGESET-GAGBALL,https://rarbg.to/torrent/cdsuzkf
HollyRandall.com_13.08.24.Annelli.Good.Girl.Gone.Bad.XXX.IMAGESET-GAGBALL,https://rarbg.to/torrent/xh8cytk
HollyRandall.com_13.08.26.Candice.Luca.Here.Comes.Trouble.XXX.IMAGESET-GAGBALL,https://rarbg.to/torrent/rv1zpwf
HollyRandall.com_13.08.28.Catie.Parker.Once.In.A.Lifetime.XXX.IMAGESET-GAGBALL,https://rarbg.to/torrent/xgto8h5
HollyRandall.com_13.09.02.Gabi.Sunkissed.Skin.XXX.IMAGESET-GAGBALL,https://rarbg.to/torrent/c9x1gjs
HollyRandall.com_13.09.14.Kami.Peepshow.XXX.IMAGESET-GAGBALL,https://rarbg.to/torrent/e9qj41c
HollyRandall.com_13.09.21.Alaina.Fox.Garden.Of.Eden.XXX.IMAGESET-GAGBALL,https://rarbg.to/torrent/lpxjfet
HollyRandall.com_13.09.23.Gisele.The.Goddess.XXX.IMAGESET-GAGBALL,https://rarbg.to/torrent/7lsjc9v
HollyRandall.com_13.09.28.Holly.Randall.Rise.And.Shine.XXX.IMAGESET-GAGBALL,https://rarbg.to/torrent/hi9dspr
HollyRandall.com_13.10.05.Miela.On.The.Prowl.XXX.IMAGESET-GAGBALL,https://rarbg.to/torrent/4lmvj86
HollyRandall.com_13.10.07.Shyla.Jennings.Sweet.Shyla.XXX.IMAGESET-GAGBALL,https://rarbg.to/torrent/c54ipsb
HollyRandall.com_13.10.09.Stacie.Jaxxx.Blonde.Bombshell.XXX.IMAGESET-GAGBALL,https://rarbg.to/torrent/ndwbck6
HollyRandall.com_13.10.12.Shay.Laren.Idolize.XXX.IMAGESET-GAGBALL,https://rarbg.to/torrent/n21zilm
HollyRandall.com_13.10.16.Lola.Petite.XXX.IMAGESET-GAGBALL,https://rarbg.to/torrent/3tr7fgk
HollyRandall.com_13.10.18.Sophia.Knight.Golden.Opportunity.XXX.IMAGESET-GAGBALL,https://rarbg.to/torrent/6y2t5jo
HollyRandall.com_13.10.21.Natasha.Malkova.Drive.Me.Home.XXX.IMAGESET-GAGBALL,https://rarbg.to/torrent/l1mnp42
HollyRandall.com_13.10.30.Masuimi.Max.Sinister.XXX.IMAGESET-GAGBALL,https://rarbg.to/torrent/2ew1ozi
HollyRandall.com_13.11.01.Alyssa.Branch.Outdoor.Exhibition.XXX.IMAGESET-GAGBALL,https://rarbg.to/torrent/sv234bu
HollyRandall.com_13.11.04.Karmen.Celtic.Beauty.XXX.IMAGESET-GAGBALL,https://rarbg.to/torrent/hjwa1qo
HollyRandall.com_13.11.06.Brea.Bennett.Wait.For.Me.XXX.IMAGESET-GAGBALL,https://rarbg.to/torrent/os4wdqj
HollyRandall.com_13.11.15.Leanna.Decker.Girl.On.Fire.XXX.IMAGESET-GAGBALL,https://rarbg.to/torrent/w269cri
HollyRandall.com_13.11.16.Nikki.Lee.Young.Forver.Young.XXX.IMAGESET-GAGBALL,https://rarbg.to/torrent/28knzpa
HollyRandall.com_13.11.22.Riley.Reid.Notorious.XXX.iMAGESET-YAPG,https://rarbg.to/torrent/8tm1oew
HollyRandall.com_13.11.25.Mia.Malkova.Stairway.To.Heaven.XXX.iMAGESET-YAPG,https://rarbg.to/torrent/eop8wht
HollyRandall.com_13.11.29.Lily.Carter.And.Richie.Calhoun.Kiss.Me.All.Over.XXX.iMAGESET-YAPG,https://rarbg.to/torrent/hwpygtq
HollyRandall.com_13.12.04.Taylor.Vixen.Texas.Honey.XXX.IMAGESET-GAGBALL,https://rarbg.to/torrent/7el4khp
HollyRandall.com_13.12.07.Charlie.Laine.Blue.Dress.Blues.XXX.IMAGESET-GAGBALL,https://rarbg.to/torrent/pv8mncz
HollyRandall.com_13.12.13.Kayden.Kross.Eclipse.XXX.IMAGESET-GAGBALL,https://rarbg.to/torrent/f1h9sr3
HollyRandall.com_13.12.14.Gabi.International.Beauty.XXX.IMAGESET-GAGBALL,https://rarbg.to/torrent/vqy36j1
HollyRandall.com_13.12.18.Teddi.Rae.Golden.Hour.XXX.IMAGESET-GAGBALL,https://rarbg.to/torrent/fywsz8j
HollyRandall.com_13.12.20.Mia.Manarote.Satisfy.Me.XXX.IMAGESET-GAGBALL,https://rarbg.to/torrent/z1tknv3
HollyRandall.com_13.12.23.Catie.Parker.Sex.Bomb.XXX.IMAGESET-GAGBALL,https://rarbg.to/torrent/ejtl5fc
HollyRandall.com_13.12.24.Dani.Daniels.Candy.Cane.XXX.IMAGESET-GAGBALL,https://rarbg.to/torrent/zyqjc8d
HollyRandall.com_14.01.17.Angel.From.Russia.With.Love.XXX.iMAGESET-YAPG,https://rarbg.to/torrent/ti2j5mk
HollyRandall.com_14.01.18.Charlie.Laine.Tractor.Training.XXX.iMAGESET-YAPG,https://rarbg.to/torrent/hbcvodm
HollyRandall.com_14.01.24.Dani.Daniels.Bedtime.Stories.XXX.iMAGESET-YAPG,https://rarbg.to/torrent/ky6zm7d
HollyRandall.com_14.01.25.Keisha.Grey.Exotic.Taste.XXX.iMAGESET-YAPG,https://rarbg.to/torrent/e8wbj76
HollyRandall.com_14.01.27.Lola.Tease.And.Please.XXX.iMAGESET-YAPG,https://rarbg.to/torrent/vqr47pj
HollyRandall.com_14.02.01.Miela.Light.My.Fire.XXX.IMAGESET-GAGBALL,https://rarbg.to/torrent/n97pm5o
HollyRandall.com_14.02.07.Leanna.Decker.Red.Hot.XXX.iMAGESET-YAPG,https://rarbg.to/torrent/89r5q1w
HollyRandall.com_14.02.10.Masuimi.Max.Naughty.Nurse.XXX.IMAGESET-GAGBALL,https://rarbg.to/torrent/1sqmbcp
HollyRandall.com_14.02.17.Ava.Taylor.Poolside.Lounge.XXX.IMAGESET-GAGBALL,https://rarbg.to/torrent/w3lst68
HollyRandall.com_14.02.21.Emily.Kasidie.The.Exhibitionist.XXX.iMAGESET-YAPG,https://rarbg.to/torrent/xzhkgr8
HollyRandall.com_14.02.24.Brea.Bennett.Slippery.When.Wet.XXX.IMAGESET-GAGBALL,https://rarbg.to/torrent/ec2w45b
HollyRandall.com_14.02.26.Karmen.Glitz.XXX.IMAGESET-GAGBALL,https://rarbg.to/torrent/2dzfbh3
HollyRandall.com_14.02.27.Mia.Malkova.Pink.Latex.XXX.iMAGESET-YAPG,https://rarbg.to/torrent/tod985p
HollyRandall.com_14.02.28.Mia.Manarote.After.Party.XXX.IMAGESET-GAGBALL,https://rarbg.to/torrent/c6zvr1k
HollyRandall.com_14.03.01.Mandy.Lynn.Strawberries.And.Cream.XXX.iMAGESET-YAPG,https://rarbg.to/torrent/tkpjvem
HollyRandall.com_14.03.05.Natalia.Starr.Rising.Star.XXX.IMAGESET-GAGBALL,https://rarbg.to/torrent/9p5i1vm
HollyRandall.com_14.03.08.Kayden.Kross.Dirty.Girl.XXX.IMAGESET-GAGBALL,https://rarbg.to/torrent/pf2kqmr
HollyRandall.com_14.03.12.Gabi.Flawless.XXX.iMAGESET-YAPG,https://rarbg.to/torrent/w1bkexu
HollyRandall.com_14.03.15.Keisha.Grey.Bombshell.XXX.iMAGESET-YAPG,https://rarbg.to/torrent/pnx2lci
HollyRandall.com_14.03.17.Nikki.Lee.Young.Fever.XXX.IMAGESET-GAGBALL,https://rarbg.to/torrent/ath5qye
HollyRandall.com_14.03.21.Alaina.Fox.Dangerous.Beauty.XXX.IMAGESET-GAGBALL,https://rarbg.to/torrent/e5y4pkt
HollyRandall.com_14.03.26.Mia.Presley.Pin.Up.Doll.XXX.iMAGESET-YAPG,https://rarbg.to/torrent/le5zyaw
HollyRandall.com_14.04.02.Kina.Kai.Green.Nightie.XXX.IMAGESET-GAGBALL,https://rarbg.to/torrent/7gajfbv
HollyRandall.com_14.04.04.Ava.Taylor.Hung.Up.On.You.XXX.IMAGESET-GAGBALL,https://rarbg.to/torrent/bhrevjy
HollyRandall.com_14.04.12.Kayden.Kross.Salton.Sea.XXX.IMAGESET-GAGBALL,https://rarbg.to/torrent/cngk2dx
HollyRandall.com_14.04.15.Leilani.Gold.First.Impressions.XXX.IMAGESET-GAGBALL,https://rarbg.to/torrent/jxbntw5
HollyRandall.com_14.04.18.Kortney.Kane.Sexual.Appetite.XXX.IMAGESET-GAGBALL,https://rarbg.to/torrent/9damcy1
HollyRandall.com_14.04.23.Lynna.Nilsson.Such.A.Tease.XXX.IMAGESET-GAGBALL,https://rarbg.to/torrent/la2nuc3
HollyRandall.com_14.04.26.Miss.Crash.Crash.Course.XXX.IMAGESET-GAGBALL,https://rarbg.to/torrent/ta2uzbw
HollyRandall.com_14.04.30.Karmen.Fairy.Tale.XXX.IMAGESET-GAGBALL,https://rarbg.to/torrent/h2vp4iu
HollyRandall.com_14.05.03.Priya.Rai.Reflections.XXX.IMAGESET-GAGBALL,https://rarbg.to/torrent/kg2wjha
HollyRandall.com_14.05.05.Marie.McCray.Spiked.Heels.XXX.IMAGESET-GAGBALL,https://rarbg.to/torrent/iawyx6z
HollyRandall.com_14.05.16.Sierra.Nevadah.Girl.Next.Door.XXX.IMAGESET-GAGBALL,https://rarbg.to/torrent/dc3fk6z
HollyRandall.com_14.05.17.Alexis.Amore.No.Mercy.XXX.IMAGESET-GAGBALL,https://rarbg.to/torrent/5zjwbip
HollyRandall.com_14.05.23.Lynna.Nilsson.Golden.Girl.XXX.IMAGESET-GAGBALL,https://rarbg.to/torrent/wqvl4kj
HollyRandall.com_14.05.26.Gabi.Promises.XXX.IMAGESET-GAGBALL,https://rarbg.to/torrent/m25gb43
HollyRandall.com_14.05.30.Miela.Toying.With.You.XXX.IMAGESET-GAGBALL,https://rarbg.to/torrent/clq3xs1
HollyRandall.com_14.05.31.Lexxi.Tyler.Bedtime.For.Lexxi.XXX.IMAGESET-GAGBALL,https://rarbg.to/torrent/gl4kyt2
HollyRandall.com_14.06.02.Coco.Rose.Afternoon.Stroll.XXX.IMAGESET-GAGBALL,https://rarbg.to/torrent/1w6zrdc
HollyRandall.com_14.06.06.Annelli.Bright.And.Early.XXX.IMAGESET-GAGBALL,https://rarbg.to/torrent/ar5qjp7
HollyRandall.com_14.06.07.Alexis.Ford.Squeeky.Clean.XXX.IMAGESET-GAGBALL,https://rarbg.to/torrent/35fw4cz
HollyRandall.com_14.06.11.Aaliyah.Love.and.Ana.Foxxx.Lets.Get.Physical.XXX.IMAGESET-GAGBALL,https://rarbg.to/torrent/8fghzjq
HollyRandall.com_14.06.13.Jessica.Dawn.Water.Baby.XXX.IMAGESET-GAGBALL,https://rarbg.to/torrent/gjh38fe
HollyRandall.com_14.06.14.Emma.Mae.Beauty.In.Bondage.XXX.IMAGESET-GAGBALL,https://rarbg.to/torrent/mn4g3if
HollyRandall.com_14.06.16.Sierra.Nevadah.Im.Yours.XXX.IMAGESET-GAGBALL,https://rarbg.to/torrent/dnk5moq
HollyRandall.com_14.06.20.Candice.Luca.Heart.Breaker.XXX.IMAGESET-GAGBALL,https://rarbg.to/torrent/tg68eoa
HollyRandall.com_14.06.21.Tory.Lane.Sexy.Smoker.XXX.IMAGESET-GAGBALL,https://rarbg.to/torrent/pa3sx5e
HollyRandall.com_14.06.25.Cassidy.Banks.First.Days.Of.Summer.XXX.IMAGESET-GAGBALL,https://rarbg.to/torrent/xoamer6
HollyRandall.com_14.06.28.Mia.Presley.Dangerous.XXX.IMAGESET-GAGBALL,https://rarbg.to/torrent/6glfzws
HollyRandall.com_14.06.30.Leanna.Decker.Uptown.Girl.XXX.IMAGESET-GAGBALL,https://rarbg.to/torrent/irc2axf
HollyRandall.com_14.07.04.Ana.Foxxx.Firecracker.XXX.IMAGESET-GAGBALL,https://rarbg.to/torrent/sb1dt9r
HollyRandall.com_14.07.05.Kina.Kai.Jacuzzi.Time.XXX.IMAGESET-GAGBALL,https://rarbg.to/torrent/fo376rt
HollyRandall.com_14.07.07.Samantha.Rone.Easy.Breezy.XXX.IMAGESET-GAGBALL,https://rarbg.to/torrent/ovtfnk1
HollyRandall.com_14.07.11.Kayden.Kross.Bikini.Sunset.XXX.IMAGESET-GAGBALL,https://rarbg.to/torrent/jkldp1w
HollyRandall.com_14.07.12.Jenny.Blighe.My.Fair.Lady.XXX.IMAGESET-GAGBALL,https://rarbg.to/torrent/f5jtbgn
HollyRandall.com_14.07.16.Alexis.Adams.Temptation.Island.XXX.IMAGESET-GAGBALL,https://rarbg.to/torrent/3fqrcui
HollyRandall.com_14.07.19.Jayden.Cole.Cowgirl.XXX.IMAGESET-GAGBALL,https://rarbg.to/torrent/sf4jtym
HollyRandall.com_14.07.21.Gabi.Poetry.In.Motion.XXX.IMAGESET-GAGBALL,https://rarbg.to/torrent/u5nksow
HollyRandall.com_14.07.23.Leilani.Gold.Hungry.Eyes.XXX.IMAGESET-GAGBALL,https://rarbg.to/torrent/oubxcyz
HollyRandall.com_14.07.25.Brea.Bennett.California.Dreaming.XXX.IMAGESET-GAGBALL,https://rarbg.to/torrent/hxp6dkf
HollyRandall.com_14.07.26.Priya.Rai.Satin.Nights.XXX.IMAGESET-GAGBALL,https://rarbg.to/torrent/2vtm78x
HollyRandall.com_14.08.01.Lynna.Nilsson.Turn.Me.On.XXX.IMAGESET-GAGBALL,https://rarbg.to/torrent/t5kvwlh
HollyRandall.com_14.08.02.Jodie.Starr.Leggy.Lady.XXX.IMAGESET-GAGBALL,https://rarbg.to/torrent/v4l8o7c
HollyRandall.com_14.08.06.Ellena.Woods.Ride.Of.A.Lifetime.XXX.iMAGESET-YAPG,https://rarbg.to/torrent/gb5iwzu
HollyRandall.com_14.08.08.Aaliyah.Love.Restless.Heart.XXX.IMAGESET-GAGBALL,https://rarbg.to/torrent/imcpvw1
HollyRandall.com_14.08.09.Kina.Kai.Balcony.Babe.XXX.IMAGESET-GAGBALL,https://rarbg.to/torrent/9gxzky3
HollyRandall.com_14.08.11.Ana.Foxxx.Sinful.Thoughts.XXX.IMAGESET-GAGBALL,https://rarbg.to/torrent/gqczy47
HollyRandall.com_14.08.13.Coco.Rose.Last.Summer.XXX.IMAGESET-GAGBALL,https://rarbg.to/torrent/g5fl6bz
HollyRandall.com_14.08.16.Jelena.Jensen.Pin-Up.Princess.XXX.IMAGESET-GAGBALL,https://rarbg.to/torrent/72b9g3e
HollyRandall.com_14.08.20.Karlie.Montana.Glisten.XXX.IMAGESET-GAGBALL,https://rarbg.to/torrent/mj3n16l
HollyRandall.com_14.08.23.Mariah.Milano.Picture.Perfect.XXX.IMAGESET-GAGBALL,https://rarbg.to/torrent/8xe6l4j
HollyRandall.com_14.08.25.Cassidy.Banks.Beautiful.Stranger.XXX.IMAGESET-GAGBALL,https://rarbg.to/torrent/pi5b8oz
HollyRandall.com_14.08.27.Gabi.Covet.XXX.IMAGESET-GAGBALL,https://rarbg.to/torrent/9pxl4zh
HollyRandall.com_14.08.30.Aria.Giovanni.Clementine.XXX.IMAGESET-GAGBALL,https://rarbg.to/torrent/a75pxqw
HollyRandall.com_14.09.03.Samantha.Rone.Field.Of.Dreams.XXX.IMAGESET-GAGBALL,https://rarbg.to/torrent/tid1zab
HollyRandall.com_14.09.05.Holly.Randall.The.Equestrian.XXX.IMAGESET-GAGBALL,https://rarbg.to/torrent/7lzprjm
HollyRandall.com_14.09.08.Brett.Rossi.Moroccan.Dreams.XXX.IMAGESET-GAGBALL,https://rarbg.to/torrent/sfv6uhm
HollyRandall.com_14.09.10.Abigail.Mac.Affairs.Of.The.Heart.XXX.IMAGESET-GAGBALL,https://rarbg.to/torrent/4euxvat
HollyRandall.com_14.09.12.Alexis.Ford.Hot.And.Bothered.XXX.IMAGESET-GAGBALL,https://rarbg.to/torrent/ou42i36
HollyRandall.com_14.09.17.Alaina.Fox.Nature.Girl.XXX.IMAGESET-GAGBALL,https://rarbg.to/torrent/zlhqydf
HollyRandall.com_14.09.22.Jenny.Blighe.Bubblicious.XXX.IMAGESET-GAGBALL,https://rarbg.to/torrent/c3tkzyo
HollyRandall.com_14.09.24.Cosima.Dunkin.Wet.And.Ready.XXX.IMAGESET-GAGBALL,https://rarbg.to/torrent/ifcyua7
HollyRandall.com_14.09.26.Mia.Presley.Garage.Girl.XXX.IMAGESET-GAGBALL,https://rarbg.to/torrent/lfq9wry
HollyRandall.com_14.09.29.Alli.Rae.Dirty.Little.Secret.XXX.IMAGESET-GAGBALL,https://rarbg.to/torrent/irujv8c
HollyRandall.com_14.10.01.Alexis.Texas.and.Toni.Ribas.Sex.In.The.City.XXX.IMAGESET-GAGBALL,https://rarbg.to/torrent/642tofn
HollyRandall.com_14.10.03.Natalia.Starr.Pretty.In.Pink.XXX.iMAGESET-YAPG,https://rarbg.to/torrent/lxs8r52
HollyRandall.com_14.10.08.Angela.Sommers.Nikki.Benz.And.Samantha.Saint.Triple.Threat.XXX.iMAGESET-YAPG,https://rarbg.to/torrent/4p2gt79
HollyRandall.com_14.10.15.Julia.Crown.Gymnopedie.XXX.iMAGESET-YAPG,https://rarbg.to/torrent/icgy5x2
HollyRandall.com_14.10.20.Teagan.Presley.Poolside.Pleasure.XXX.iMAGESET-YAPG,https://rarbg.to/torrent/39rwcpj
HollyRandall.com_14.10.29.Ellena.Woods.Summer.Sweetness.XXX.iMAGESET-YAPG,https://rarbg.to/torrent/op83u6s
HollyRandall.com_14.10.31.Angela.Sommers.Carpe.Diem.XXX.iMAGESET-YAPG,https://rarbg.to/torrent/bvwznjy
HollyRandall.com_14.11.05.Karlie.Montana.Autumn.Afternoon.XXX.iMAGESET-YAPG,https://rarbg.to/torrent/tlc7jf3
HollyRandall.com_14.11.10.Kelly.Surfer.Surfer.Girl.XXX.iMAGESET-YAPG,https://rarbg.to/torrent/m3rzuqs
HollyRandall.com_14.11.14.Lynna.Nilsson.Bewitching.XXX.IMAGESET-GAGBALL,https://rarbg.to/torrent/jup537k
HollyRandall.com_14.11.17.Kina.Kai.Cabaret.Girl.XXX.IMAGESET-GAGBALL,https://rarbg.to/torrent/epj27z1
HollyRandall.com_14.11.28.Vanessa.Lake.Up.The.Down.Staircase.XXX.IMAGESET-GAGBALL,https://rarbg.to/torrent/f96ip82
HollyRandall.com_14.11.29.Holly.Randall.Smoke.On.The.Water.XXX.IMAGESET-GAGBALL,https://rarbg.to/torrent/srau3yp
HollyRandall.com_14.12.01.Brooklyn.Chase.Thrill.Of.The.Chase.XXX.IMAGESET-GAGBALL,https://rarbg.to/torrent/qt3mldn
HollyRandall.com_14.12.08.Aria.Giovanni.Salt.Flats.XXX.IMAGESET-GAGBALL,https://rarbg.to/torrent/hi5sbw8
HollyRandall.com_14.12.10.Maya.Grand.Grand.Entrance.XXX.IMAGESET-GAGBALL,https://rarbg.to/torrent/9vex1lt
HollyRandall.com_14.12.12.Nyomi.Banxxx.Naughty.Nyomi.XXX.IMAGESET-GAGBALL,https://rarbg.to/torrent/nkxvcb7
HollyRandall.com_14.12.24.Aubrey.Star.Christmas.Treat.XXX.IMAGESET-GAGBALL,https://rarbg.to/torrent/nv86t12
HollyRandall.com_14.12.26.Destiny.Dixon.Shes.Your.Destiny.XXX.IMAGESET-GAGBALL,https://rarbg.to/torrent/a1jf4ke
HollyRandall.com_14.12.29.Carlotta.Champagne.Ocean.View.XXX.IMAGESET-GAGBALL,https://rarbg.to/torrent/6il5myr
HollyRandall.com_15.01.02.Alexis.Texas.City.Slicker.XXX.IMAGESET-GAGBALL,https://rarbg.to/torrent/xez6htr
HollyRandall.com_15.01.05.Madison.Scott.Dark.Side.XXX.IMAGESET-GAGBALL,https://rarbg.to/torrent/mlgd5o6
HollyRandall.com_15.01.09.Alexis.Ford.Bound.To.Please.XXX.IMAGESET-GAGBALL,https://rarbg.to/torrent/pa6f9nq
HollyRandall.com_15.01.10.Candids.Pt.1.XXX.IMAGESET-GAGBALL,https://rarbg.to/torrent/8b7zx3i
HollyRandall.com_15.01.12.Jessi.Palmer.Bedroom.Eyes.XXX.IMAGESET-GAGBALL,https://rarbg.to/torrent/rtnlmus
HollyRandall.com_15.01.16.Aubrey.Star.Sugar.Kisses.XXX.IMAGESET-GAGBALL,https://rarbg.to/torrent/oq8xlgi
HollyRandall.com_15.01.19.Kagney.Linn.Karter.Radiant.XXX.IMAGESET-GAGBALL,https://rarbg.to/torrent/cdpm1jx
HollyRandall.com_15.01.23.Faye.Reagan.Splendor.Of.Red.XXX.IMAGESET-GAGBALL,https://rarbg.to/torrent/v2gut4d
HollyRandall.com_15.01.26.Kayla-Jane.Danger.Home.Wrecker.XXX.IMAGESET-GAGBALL,https://rarbg.to/torrent/g28bm1y
HollyRandall.com_15.01.28.Ryan.Ryans.Sweet.Escape.XXX.IMAGESET-GAGBALL,https://rarbg.to/torrent/z85dfo3
HollyRandall.com_15.02.02.Zafira.European.Princess.XXX.IMAGESET-GAGBALL,https://rarbg.to/torrent/yeigr7j
HollyRandall.com_15.02.06.Cassidy.Cruise.Summer.Cruise.XXX.IMAGESET-GAGBALL,https://rarbg.to/torrent/nlp2sbf
HollyRandall.com_15.02.09.Tori.Black.Hotter.Than.Ever.XXX.IMAGESET-GAGBALL,https://rarbg.to/torrent/2zxbwqu
HollyRandall.com_15.02.16.Masuimi.Max.Midnight.Affair.XXX.IMAGESET-GAGBALL,https://rarbg.to/torrent/zmtpyid
HollyRandall.com_15.02.20.Delilah.Blue.Blue.Eyes.XXX.IMAGESET-GAGBALL,https://rarbg.to/torrent/wj9t6hg
HollyRandall.com_15.02.23.Anastasia.Czech.Please.XXX.IMAGESET-GAGBALL,https://rarbg.to/torrent/skbx9j1
HollyRandall.com_15.02.25.Gabi.Going.Down.XXX.IMAGESET-GAGBALL,https://rarbg.to/torrent/df26rua
HollyRandall.com_15.03.04.Skin.Diamond.Schools.In.Session.XXX.IMAGESET-GAGBALL,https://rarbg.to/torrent/oe9u8kt
HollyRandall.com_15.03.11.Angel.Dark.Midnight.Glamour.XXX.IMAGESET-GAGBALL,https://rarbg.to/torrent/zkc6w4r
HollyRandall.com_15.03.13.Madison.Ivy.Love.The.Hitchhiker.XXX.IMAGESET-GAGBALL,https://rarbg.to/torrent/qu7ebjk
HollyRandall.com_15.03.18.Mia.Kazda.All.Cleaned.Up.XXX.IMAGESET-GAGBALL,https://rarbg.to/torrent/grqhbja
HollyRandall.com_15.03.20.Annette.Dawn.Thinking.Of.You.XXX.IMAGESET-GAGBALL,https://rarbg.to/torrent/4ksblch
HollyRandall.com_15.03.23.Clara.G.Toying.With.Your.Heart.XXX.IMAGESET-GAGBALL,https://rarbg.to/torrent/uenw36a
HollyRandall.com_15.04.01.Davon.Kim.and.Sandy.Cage.Officer.Naughty.XXX.IMAGESET-GAGBALL,https://rarbg.to/torrent/3f4xv6j
HollyRandall.com_15.04.03.Masuimi.Max.Budoir.XXX.IMAGESET-GAGBALL,https://rarbg.to/torrent/bk3lohw
HollyRandall.com_15.04.06.Goldie.Springtime.Sweetness.XXX.IMAGESET-GAGBALL,https://rarbg.to/torrent/y9pen3b
HollyRandall.com_15.04.08.Steph.Brooks.Sweet.Innocence.XXX.IMAGESET-GAGBALL,https://rarbg.to/torrent/e2mosa7
HollyRandall.com_15.04.10.Vivian.European.Dreams.XXX.IMAGESET-GAGBALL,https://rarbg.to/torrent/rti4bq3
HollyRandall.com_15.04.17.Mia.Kazda.Lovely.In.Lingerie.XXX.IMAGESET-GAGBALL,https://rarbg.to/torrent/ubdzcof
HollyRandall.com_15.04.20.Ariana.Marie.Passion.XXX.IMAGESET-GAGBALL,https://rarbg.to/torrent/7wxh42y
HollyRandall.com_15.04.22.Paris.Lincoln.One.Night.In.Paris.XXX.IMAGESET-GAGBALL,https://rarbg.to/torrent/xmwdyre
HollyRandall.com_15.04.24.Davon.Kim.Exotic.And.Erotic.XXX.IMAGESET-GAGBALL,https://rarbg.to/torrent/5wpcalx
HollyRandall.com_15.04.27.Gina.Stocking.Sweetheart.XXX.IMAGESET-GAGBALL,https://rarbg.to/torrent/wen5x9d
HollyRandall.com_15.04.29.Safira.Sexy.Shower.XXX.IMAGESET-GAGBALL,https://rarbg.to/torrent/i8jfrsb
HollyRandall.com_15.05.04.Dorothy.Black.Love.Doctor.XXX.IMAGESET-GAGBALL,https://rarbg.to/torrent/htu7dy9
HollyRandall.com_15.05.08.Sydney.Cole.Pillow.Talk.XXX.IMAGESET-GAGBALL,https://rarbg.to/torrent/ucxj9v3
HollyRandall.com_15.05.11.Skye.Bee.Touch.The.Sky.XXX.IMAGESET-GAGBALL,https://rarbg.to/torrent/sf782pv
HollyRandall.com_15.05.13.Masuimi.Max.Wild.At.Heart.XXX.IMAGESET-GAGBALL,https://rarbg.to/torrent/s1736x8
HollyRandall.com_15.05.20.Jenna.Sativa.I.Dream.Of.Jenna.XXX.IMAGESET-GAGBALL,https://rarbg.to/torrent/9yp472d
HollyRandall.com_15.05.25.Kobe.Sexy.Secretary.XXX.IMAGESET-GAGBALL,https://rarbg.to/torrent/laywfr8
HollyRandall.com_15.05.27.Gigi.Allens.A.Gorgeous.View.XXX.IMAGESET-GAGBALL,https://rarbg.to/torrent/h39cnv5
HollyRandall.com_15.06.03.Tori.Black.Lets.Play.A.Game.XXX.IMAGESET-GAGBALL,https://rarbg.to/torrent/hn6qwva
HollyRandall.com_15.06.05.Aletta.Ocean.Oceans.Of.Love.XXX.IMAGESET-GAGBALL,https://rarbg.to/torrent/pmsh5ec
HollyRandall.com_15.06.08.Ryan.Ryans.Hearts.Desire.XXX.IMAGESET-GAGBALL,https://rarbg.to/torrent/ny5tqwi
HollyRandall.com_15.06.15.Jamie.These.Boots.Are.Made.For.Walking.XXX.IMAGESET-GAGBALL,https://rarbg.to/torrent/zfn7amv
HollyRandall.com_15.06.22.August.Ames.Pure.Bliss.XXX.IMAGESET-GAGBALL,https://rarbg.to/torrent/gfowuy2
HollyRandall.com_15.06.24.Masuimi.Max.Artemis.XXX.IMAGESET-GAGBALL,https://rarbg.to/torrent/46mvqsp
HollyRandall.com_15.07.01.Brittany.Stolen.Kisses.XXX.IMAGESET-GAGBALL,https://rarbg.to/torrent/1p6mfvn
HollyRandall.com_15.07.03.Holly.Randall.Laundry.Day.XXX.IMAGESET-GAGBALL,https://rarbg.to/torrent/1i6lm8e
HollyRandall.com_15.07.06.Skye.Bee.Summer.In.Bali.XXX.IMAGESET-GAGBALL,https://rarbg.to/torrent/j9mqs37
HollyRandall.com_15.07.08.Aria.Alexander.Restless.Heart.XXX.IMAGESET-GAGBALL,https://rarbg.to/torrent/zy2cugq
HollyRandall.com_15.07.10.Alexis.B.Taste.It.XXX.IMAGESET-GAGBALL,https://rarbg.to/torrent/w9bukn6
HollyRandall.com_15.07.17.Georgia.Jones.Georgia.On.My.Mind.XXX.IMAGESET-GAGBALL,https://rarbg.to/torrent/w31i89p
HollyRandall.com_15.07.20.Zafira.Clean.and.Fresh.XXX.IMAGESET-GAGBALL,https://rarbg.to/torrent/78conej
HollyRandall.com_15.07.27.Paris.Lincoln.Say.You.Will.XXX.IMAGESET-GAGBALL,https://rarbg.to/torrent/1agu7yr
HollyRandall.com_15.07.31.Goldie.Golden.Hour.XXX.IMAGESET-GAGBALL,https://rarbg.to/torrent/1quk64v
HollyRandall.com_15.08.05.Eugenia.Just.A.Glimpse.XXX.IMAGESET-GAGBALL,https://rarbg.to/torrent/o67xa4e
HollyRandall.com_15.08.07.Allie.Eve.Knox.Business.And.Pleasure.XXX.IMAGESET-GAGBALL,https://rarbg.to/torrent/cn2adrb
HollyRandall.com_15.08.12.Verunka.Lost.At.Sea.XXX.IMAGESET-GAGBALL,https://rarbg.to/torrent/u6v8tdp
HollyRandall.com_15.08.17.Aaliyah.Love.I.Love.The.80s.XXX.IMAGESET-GAGBALL,https://rarbg.to/torrent/glyzx5v
HollyRandall.com_15.08.19.Sandra.Shine.Lazy.Sunday.XXX.IMAGESET-GAGBALL,https://rarbg.to/torrent/bcmah2w
HollyRandall.com_15.08.21.Ariana.Marie.Extra.Credit.XXX.IMAGESET-GAGBALL,https://rarbg.to/torrent/y5v7lwr
HollyRandall.com_15.08.26.Sydney.Cole.Dare.To.Dream.XXX.IMAGESET-GAGBALL,https://rarbg.to/torrent/wtxbhu7
HollyRandall.com_15.08.31.Kobe.Juicy.Pink.XXX.IMAGESET-GAGBALL,https://rarbg.to/torrent/bg2s6l5
HollyRandall.com_15.09.02.Spencer.Scott.Cherry.Pie.XXX.IMAGESET-GAGBALL,https://rarbg.to/torrent/k8rxq1b
HollyRandall.com_15.09.04.Jamie.White.Nights.XXX.IMAGESET-GAGBALL,https://rarbg.to/torrent/9pqxi4h
HollyRandall.com_15.09.07.Whitney.Westgate.Jacuzzi.Fun.XXX.IMAGESET-GAGBALL,https://rarbg.to/torrent/23eqvuf
HollyRandall.com_15.09.16.Jelena.Jensen.Tiki.Bar.XXX.IMAGESET-GAGBALL,https://rarbg.to/torrent/vk7yqoz
HollyRandall.com_15.09.21.Brittany.Untamed.XXX.IMAGESET-GAGBALL,https://rarbg.to/torrent/rax2t8o
HollyRandall.com_15.09.28.Sasha.Field.Of.Dreams.XXX.IMAGESET-GAGBALL,https://rarbg.to/torrent/supgkf1
HollyRandall.com_15.09.30.Gigi.Allens.Mistress.Of.My.Heart.XXX.IMAGESET-GAGBALL,https://rarbg.to/torrent/catr7bo
HollyRandall.com_15.10.02.Chanell.Heart.The.Wild.One.XXX.IMAGESET-GAGBALL,https://rarbg.to/torrent/57m2t31
HollyRandall.com_15.10.05.Barbie.White.Girl.Next.Door.XXX.IMAGESET-GAGBALL,https://rarbg.to/torrent/4a1vidw
HollyRandall.com_15.10.14.Steph.Brooks.Petite.And.Sweet.XXX.IMAGESET-GAGBALL,https://rarbg.to/torrent/jte5vx8
HollyRandall.com_15.10.16.Mia.Z.Bathroom.Break.XXX.IMAGESET-GAGBALL,https://rarbg.to/torrent/uix6sfw
HollyRandall.com_15.10.19.Madi.Meadows.Retro.Love.XXX.IMAGESET-GAGBALL,https://rarbg.to/torrent/rcov1fg
HollyRandall.com_15.10.30.Erika.Secret.Desires.XXX.IMAGESET-GAGBALL,https://rarbg.to/torrent/w8ml1jh
HollyRandall.com_15.11.02.Zafira.Domestic.Goddess.XXX.IMAGESET-GAGBALL,https://rarbg.to/torrent/chntsr2
HollyRandall.com_15.11.04.Spencer.Scott.Summer.Dreams.XXX.IMAGESET-GAGBALL,https://rarbg.to/torrent/rpykzi4
HollyRandall.com_15.11.09.Alex.Grey.Little.Mynx.XXX.IMAGESET-GAGBALL,https://rarbg.to/torrent/t5z8ap6
HollyRandall.com_15.11.11.Tarra.White.Thinking.Of.You.XXX.IMAGESET-GAGBALL,https://rarbg.to/torrent/8gk3l2c
HollyRandall.com_15.11.13.Dorothy.Black.Maid.To.Order.XXX.IMAGESET-GAGBALL,https://rarbg.to/torrent/w9y8ilf
HollyRandall.com_15.11.18.Willa.Blonde.Beauty.XXX.IMAGESET-GAGBALL,https://rarbg.to/torrent/n9qwzt6
HollyRandall.com_15.11.20.Tracy.Gold.Golden.Girl.XXX.IMAGESET-GAGBALL,https://rarbg.to/torrent/nri51l7
HollyRandall.com_15.11.23.Britney.Amber.Making.A.Splash.XXX.IMAGESET-GAGBALL,https://rarbg.to/torrent/uv9irtk
HollyRandall.com_15.11.25.Alexis.B.Midnight.Blues.XXX.IMAGESET-GAGBALL,https://rarbg.to/torrent/d6fw5v9
HollyRandall.com_15.12.02.Anya.Olsen.Blue.Eyes.XXX.IMAGESET-GAGBALL,https://rarbg.to/torrent/573ek6a
HollyRandall.com_15.12.04.Paula.Shy.Not.Too.Shy.XXX.IMAGESET-GAGBALL,https://rarbg.to/torrent/cymoz4x
HollyRandall.com_15.12.14.Kailena.Girl.Next.Door.XXX.IMAGESET-GAGBALL,https://rarbg.to/torrent/dcv95le
HollyRandall.com_15.12.16.Viola.Busty.Natural.XXX.IMAGESET-GAGBALL,https://rarbg.to/torrent/sjqhb52
HollyRandall.com_15.12.18.Aletta.Ocean.and.Mister.Klark.Naughty.XXX.IMAGESET-GAGBALL,https://rarbg.to/torrent/pyd8o4b
HollyRandall.com_15.12.21.Olivia.Austin.Fantasy.Girl.XXX.IMAGESET-GAGBALL,https://rarbg.to/torrent/5czaw3p
HollyRandall.com_15.12.23.Jelena.Jensen.Christmas.Present.XXX.IMAGESET-GAGBALL,https://rarbg.to/torrent/kqpj2xi
HollyRandall.com_16.01.01.Kissa.Sins.Milkshake.XXX.IMAGESET-GAGBALL,https://rarbg.to/torrent/bc3qej1
HollyRandall.com_16.01.04.Ennie.Harris.Sweetheart.XXX.IMAGESET-GAGBALL,https://rarbg.to/torrent/r38p6gq
HollyRandall.com_16.01.08.Jana.Jordan.All.That.Shimmers.XXX.IMAGESET-GAGBALL,https://rarbg.to/torrent/u4rkj6y
HollyRandall.com_16.01.11.Sicilia.Coming.Clean.XXX.IMAGESET-GAGBALL,https://rarbg.to/torrent/1jr82ip
HollyRandall.com_16.01.15.Luna.Star.Domme.XXX.IMAGESET-GAGBALL,https://rarbg.to/torrent/oa45h9z
HollyRandall.com_16.01.22.Ennie.Harris.and.Paula.Shy.Dirty.Detention.XXX.IMAGESET-GAGBALL,https://rarbg.to/torrent/liqca37
HollyRandall.com_16.01.25.Subil.Arch.Little.Flirt.XXX.IMAGESET-GAGBALL,https://rarbg.to/torrent/rosi6h2
HollyRandall.com_16.02.02.Anya.Olsen.Nymphette.XXX.IMAGESET-GAGBALL,https://rarbg.to/torrent/tbkyqgz
HollyRandall.com_16.02.04.Mia.Kazda.Tanning.Bed.XXX.IMAGESET-GAGBALL,https://rarbg.to/torrent/3yhqgjp
HollyRandall.com_16.02.11.Anissa.Kate.Romantic.Evening.XXX.IMAGESET-GAGBALL,https://rarbg.to/torrent/hpftjmr
HollyRandall.com_16.02.18.Olivia.Austin.Exotic.Dreams.XXX.IMAGESET-GAGBALL,https://rarbg.to/torrent/ar2zwq8
HollyRandall.com_16.02.23.Tasha.Reign.After.School.Special.XXX.IMAGESET-GAGBALL,https://rarbg.to/torrent/ap1gxn3
HollyRandall.com_16.02.25.Nicole.Smith.All.For.You.XXX.IMAGESET-GAGBALL,https://rarbg.to/torrent/xrvq9nb
HollyRandall.com_16.03.08.Dillion.Harper.Summer.Sweetheart.XXX.IMAGESET-GAGBALL,https://rarbg.to/torrent/gykb5vu
HollyRandall.com_16.03.10.Subil.Arch.European.Treat.XXX.IMAGESET-GAGBALL,https://rarbg.to/torrent/oc3qjfm
HollyRandall.com_16.03.22.Charlotte.Stokely.Springtime.XXX.IMAGESET-GAGBALL,https://rarbg.to/torrent/cmfesw8
HollyRandall.com_16.03.24.Alexis.Texas.Bikini.Booty.XXX.IMAGESET-GAGBALL,https://rarbg.to/torrent/b7ql5av
HollyRandall.com_16.03.31.Missa.European.Regal.XXX.IMAGESET-GAGBALL,https://rarbg.to/torrent/si4fvdy
HollyRandall.com_16.04.05.Bree.Daniels.Breezy.Bee.XXX.IMAGESET-GAGBALL,https://rarbg.to/torrent/8ygrnvl
HollyRandall.com_16.04.12.Colette.Sweetness.XXX.IMAGESET-GAGBALL,https://rarbg.to/torrent/shp5v2f
HollyRandall.com_16.04.14.Ashley.Bulgari.Surfs.Up.XXX.IMAGESET-GAGBALL,https://rarbg.to/torrent/h7f9vjw
HollyRandall.com_16.04.21.Katya.Clover.Lucky.Clover.XXX.IMAGESET-GAGBALL,https://rarbg.to/torrent/jtg5nvi
HollyRandall.com_16.04.26.Dani.Daniels.Hot.In.The.Kitchen.XXX.IMAGESET-GAGBALL,https://rarbg.to/torrent/6eu8kdh
HollyRandall.com_16.05.03.Satin.Bloom.Satin.Nights.XXX.IMAGESET-GAGBALL,https://rarbg.to/torrent/rve3huq
HollyRandall.com_16.05.10.Viola.and.Zafira.Shower.For.Two.XXX.IMAGESET-GAGBALL,https://rarbg.to/torrent/zjp1v7l
HollyRandall.com_16.05.17.Erika.and.Martin.Stein.Modern.Romance.XXX.IMAGESET-GAGBALL,https://rarbg.to/torrent/payngj9
HollyRandall.com_16.05.24.Julia.Crown.Crown.Jewel.XXX.IMAGESET-GAGBALL,https://rarbg.to/torrent/h9aknwu
HollyRandall.com_16.05.31.Karla.Kush.Waiting.On.You.XXX.IMAGESET-GAGBALL,https://rarbg.to/torrent/1orxe7d
HollyRandall.com_16.06.02.Missa.Luxe.XXX.IMAGESET-GAGBALL,https://rarbg.to/torrent/ycjl6uq
HollyRandall.com_16.06.07.Kailena.Stop.And.Stare.XXX.IMAGESET-GAGBALL,https://rarbg.to/torrent/afchnx5
HollyRandall.com_16.06.16.Davon.Kim.Wet.And.Ready.XXX.IMAGESET-GAGBALL,https://rarbg.to/torrent/vdwuo69
HollyRandall.com_16.06.21.Kagney.Linn.Karter.Carnal.Desires.XXX.IMAGESET-GAGBALL,https://rarbg.to/torrent/v3fpot4
HollyRandall.com_16.06.23.Clara.G.Dirty.In.Denim.XXX.IMAGESET-GAGBALL,https://rarbg.to/torrent/v5bzkoe
HollyRandall.com_16.06.28.Ennie.Harris.and.Kari.Sweet.I.Kissed.A.Girl.XXX.IMAGESET-GAGBALL,https://rarbg.to/torrent/oidc4w8
HollyRandall.com_16.06.30.Tiffany.Thompson.Casual.Cutie.XXX.IMAGESET-GAGBALL,https://rarbg.to/torrent/4argwf3
HollyRandall.com_16.07.07.Tara.Lynn.Foxx.A.Womans.Worth.XXX.IMAGESET-GAGBALL,https://rarbg.to/torrent/rwdl9yc
HollyRandall.com_16.07.12.Vanessa.Veracruz.Spanish.Dreams.XXX.IMAGESET-GAGBALL,https://rarbg.to/torrent/vp4tlum
HollyRandall.com_16.07.14.Conny.Masquerade.XXX.IMAGESET-GAGBALL,https://rarbg.to/torrent/is7hflu
HollyRandall.com_16.07.22.Vicki.Chase.Ranch.Life.XXX.IMAGESET-GAGBALL,https://rarbg.to/torrent/4r2nhwz
HollyRandall.com_16.07.26.Antonia.Busty.Natural.XXX.IMAGESET-GAGBALL,https://rarbg.to/torrent/2d1o4w7
HollyRandall.com_16.08.02.Linda.Midnight.Lace.XXX.IMAGESET-GAGBALL,https://rarbg.to/torrent/boxw9a3
HollyRandall.com_16.08.04.Melisa.Mendiny.Sexy.Intentions.XXX.IMAGESET-GAGBALL,https://rarbg.to/torrent/n29lk4t
HollyRandall.com_16.08.11.Vanessa.Veracruz.and.Vicki.Chase.Besame.XXX.IMAGESET-GAGBALL,https://rarbg.to/torrent/l6isfc7
HollyRandall.com_16.08.16.Colette.Summer.Feelings.XXX.IMAGESET-GAGBALL,https://rarbg.to/torrent/7r6cbfm
HollyRandall.com_16.08.23.Nicole.Ray.Ray.Of.Sunshine.XXX.IMAGESET-GAGBALL,https://rarbg.to/torrent/rvfao3p
HollyRandall.com_16.08.25.Melissa.Moore.Moore.Please.XXX.IMAGESET-GAGBALL,https://rarbg.to/torrent/5i7w6ku
HollyRandall.com_16.08.30.Staci.Silverstone.Silver.Lining.XXX.IMAGESET-GAGBALL,https://rarbg.to/torrent/eb14mlx
HollyRandall.com_16.09.06.Cassidy.Cruise.Dreams.In.Suede.XXX.IMAGESET-GAGBALL,https://rarbg.to/torrent/jxqo4ty
HollyRandall.com_16.09.08.Vanessa.Veracruz.Schools.Out.XXX.IMAGESET-GAGBALL,https://rarbg.to/torrent/64hiukv
HollyRandall.com_16.09.13.Anya.Olsen.Poolside.Retreat.XXX.IMAGESET-GAGBALL,https://rarbg.to/torrent/wqlpvj7
HollyRandall.com_16.09.15.Tara.Lynn.Foxx.Shes.A.Fox.XXX.IMAGESET-GAGBALL,https://rarbg.to/torrent/v4opd7l
HollyRandall.com_16.09.22.Stella.Banxxx.Sun-Kissed.Sweetheart.XXX.IMAGESET-GAGBALL,https://rarbg.to/torrent/sd1yp8g
HollyRandall.com_16.09.27.Jayden.Simone.Make.You.Beg.XXX.IMAGESET-GAGBALL,https://rarbg.to/torrent/p4957jb
HollyRandall.com_16.09.29.Krissy.Lynn.Uninhibited.XXX.IMAGESET-GAGBALL,https://rarbg.to/torrent/dbjtg1h
HollyRandall.com_16.10.06.Vicki.Chase.Chasing.Down.A.Dream.XXX.IMAGESET-GAGBALL,https://rarbg.to/torrent/hmt58fc
HollyRandall.com_16.10.11.Monique.Alexander.Private.Show.XXX.IMAGESET-GAGBALL,https://rarbg.to/torrent/35syafm
HollyRandall.com_16.10.13.Anissa.Kate.Animal.Instincts.XXX.IMAGESET-GAGBALL,https://rarbg.to/torrent/b9h6aju
HollyRandall.com_16.10.18.Nina.North.North.Star.XXX.IMAGESET-GAGBALL,https://rarbg.to/torrent/hw2z41s
HollyRandall.com_16.10.27.Vanessa.Veracruz.Cabana.Cutie.XXX.IMAGESET-GAGBALL,https://rarbg.to/torrent/l38hz2r
HollyRandall.com_16.11.01.Chloe.Lynn.Cutie.XXX.IMAGESET-GAGBALL,https://rarbg.to/torrent/fi6qbk5
HollyRandall.com_16.11.08.Brea.Lynn.Blonde.Beauty.XXX.IMAGESET-GAGBALL,https://rarbg.to/torrent/k498znr
HollyRandall.com_16.11.10.Bridgette.B.Sensational.XXX.IMAGESET-GAGBALL,https://rarbg.to/torrent/4lxzh59
HollyRandall.com_16.11.15.Annette.Dawn.Playful.In.Plaid.XXX.IMAGESET-GAGBALL,https://rarbg.to/torrent/lsx68dq
HollyRandall.com_16.11.22.Cherie.DeVille.My.Cherie.Amour.XXX.IMAGESET-GAGBALL,https://rarbg.to/torrent/aih2mpu
HollyRandall.com_16.11.24.Vicki.Chase.Blue.Lingerie.XXX.IMAGESET-GAGBALL,https://rarbg.to/torrent/sxo5phk
HollyRandall.com_16.11.29.Heather.Vandeven.Afternoon.Delight.XXX.IMAGESET-GAGBALL,https://rarbg.to/torrent/wb16d4e
HollyRandall.com_16.12.06.Dakoda.Brookes.Girl.Next.Door.XXX.IMAGESET-GAGBALL,https://rarbg.to/torrent/r1vahd9
HollyRandall.com_16.12.08.Valentina.Nappi.The.Italian.XXX.IMAGESET-GAGBALL,https://rarbg.to/torrent/khrcmdx
HollyRandall.com_16.12.13.Zafira.Breakfast.For.You.XXX.IMAGESET-GAGBALL,https://rarbg.to/torrent/klodvuf
HollyRandall.com_16.12.20.Nicole.Aniston.Christmas.Wishes.XXX.IMAGESET-GAGBALL,https://rarbg.to/torrent/rj31luz
HollyRandall.com_16.12.27.Annette.Dawn.As.Dawn.Breaks.XXX.IMAGESET-GAGBALL,https://rarbg.to/torrent/gbqueis
HollyRandall.com_16.12.29.Sandra.Shine.In.My.Robe.XXX.IMAGESET-GAGBALL,https://rarbg.to/torrent/myg3w4z
HollyRandall.com_17.01.03.Vanessa.Veracruz.Cowgirl.Blues.XXX.IMAGESET-GAGBALL,https://rarbg.to/torrent/fqwtajg
HollyRandall.com_17.01.05.Lucy.Tyler.California.Cutie.XXX.IMAGESET-GAGBALL,https://rarbg.to/torrent/fdivnec
HollyRandall.com_17.01.12.Emily.Bloom.Workshop.Day.2.XXX.IMAGESET-GAGBALL,https://rarbg.to/torrent/ijtbumq
HollyRandall.com_17.01.17.Kendra.Lust.Fall.In.Lust.XXX.IMAGESET-GAGBALL,https://rarbg.to/torrent/um9syt1
HollyRandall.com_17.01.24.Priya.Rai.Poolside.Lounging.XXX.IMAGESET-GAGBALL,https://rarbg.to/torrent/ca9gf4b
HollyRandall.com_17.01.26.Vanessa.Cage.Rise.And.Shine.XXX.IMAGESET-GAGBALL,https://rarbg.to/torrent/obvckam
HollyRandall.com_17.02.02.Dani.Daniels.The.NYC.Project.XXX.IMAGESET-GAGBALL,https://rarbg.to/torrent/7i8qedy
HollyRandall.com_17.02.07.Brett.Rossi.and.Ramon.Nomar.Intimate.Passions.XXX.IMAGESET-GAGBALL,https://rarbg.to/torrent/53v8rtq
HollyRandall.com_17.02.09.Carlotta.Champagne.Workshop.Day.1.XXX.IMAGESET-GAGBALL,https://rarbg.to/torrent/9pnyrma
HollyRandall.com_17.02.14.Olivia.Austin.Here.Comes.Trouble.XXX.IMAGESET-GAGBALL,https://rarbg.to/torrent/4crvypl
HollyRandall.com_17.02.21.August.Ames.Dark.Intentions.XXX.IMAGESET-GAGBALL,https://rarbg.to/torrent/l46orzd
HollyRandall.com_17.03.02.Zafira.In.Bloom.XXX.IMAGESET-GAGBALL,https://rarbg.to/torrent/4ckiof8
HollyRandall.com_17.03.07.Lena.Anderson.End.Of.Innocence.XXX.IMAGESET-GAGBALL,https://rarbg.to/torrent/aucrhys
HollyRandall.com_17.03.09.Riley.Reid.Honey.Sweet.XXX.IMAGESET-GAGBALL,https://rarbg.to/torrent/guda9sq
HollyRandall.com_17.03.16.Brett.Rossi.Wet.Bar.XXX.IMAGESET-GAGBALL,https://rarbg.to/torrent/wuv2mxr
HollyRandall.com_17.03.28.Cherie.DeVille.On.The.Prowl.XXX.IMAGESET-GAGBALL,https://rarbg.to/torrent/cxr35fo
HollyRandall.com_17.03.30.Brett.Rossi.Intimate.Passions.XXX.IMAGESET-GAGBALL,https://rarbg.to/torrent/hxrykiq
HollyRandall.com_17.04.04.Bree.Daniels.Pixie.XXX.IMAGESET-GAGBALL,https://rarbg.to/torrent/z71t9cs
HollyRandall.com_17.04.06.August.Ames.Irresistible.August.XXX.IMAGESET-GAGBALL,https://rarbg.to/torrent/fxmbc6g
HollyRandall.com_17.04.11.Adria.Rae.Rae.Of.Light.XXX.IMAGESET-GAGBALL,https://rarbg.to/torrent/eaqru32
HollyRandall.com_17.04.13.Charmane.Star.and.Lela.Star.Girl.Time.XXX.IMAGESET-GAGBALL,https://rarbg.to/torrent/5iq7wad
HollyRandall.com_17.04.22.Holly.Randall.Boss.Bitch.XXX.IMAGESET-GAGBALL,https://rarbg.to/torrent/5vsbtqm
HollyRandall.com_17.04.27.Dani.Daniels.Window.Seat.XXX.IMAGESET-GAGBALL,https://rarbg.to/torrent/329bqtf
HollyRandall.com_17.05.04.Phoenix.Marie.Glamazon.XXX.IMAGESET-GAGBALL,https://rarbg.to/torrent/6dr5zub
HollyRandall.com_17.05.09.Teal.Conrad.Summer.Kisses.XXX.IMAGESET-GAGBALL,https://rarbg.to/torrent/i3gz7lp
HollyRandall.com_17.05.11.Dani.Daniels.Penthouse.Playtime.XXX.IMAGESET-GAGBALL,https://rarbg.to/torrent/jgelzdm
HollyRandall.com_17.05.18.Heather.Vandeven.Mistress.In.Leather.XXX.IMAGESET-GAGBALL,https://rarbg.to/torrent/73qxr1n
HollyRandall.com_17.05.23.Sandra.Shine.Shining.Bright.XXX.IMAGESET-GAGBALL,https://rarbg.to/torrent/sf8z3qh
HollyRandall.com_17.05.25.Veronica.Avluv.Shes.On.Fire.XXX.IMAGESET-GAGBALL,https://rarbg.to/torrent/8echnz6
HollyRandall.com_17.05.27.Holly.Randall.Headshots.XXX.IMAGESET-GAGBALL,https://rarbg.to/torrent/slr7ytq
HollyRandall.com_17.05.30.Alexis.Fawx.Lady.In.Black.XXX.IMAGESET-GAGBALL,https://rarbg.to/torrent/tlzqkm8
HollyRandall.com_17.06.01.Chanel.Preston.Regal.XXX.IMAGESET-GAGBALL,https://rarbg.to/torrent/thfpxws
HollyRandall.com_17.06.13.Megan.Sage.Just.A.Little.Shy.XXX.IMAGESET-GAGBALL,https://rarbg.to/torrent/nwizkpt
HollyRandall.com_17.06.22.Lena.Paul.Spring.Returns.XXX.IMAGESET-GAGBALL,https://rarbg.to/torrent/l8ciazg
HollyRandall.com_17.06.27.Arya.Fae.Free.Love.XXX.IMAGESET-GAGBALL,https://rarbg.to/torrent/p2dlmry
HollyRandall.com_17.07.04.Bridgette.B.Intimate.Lifestyle.XXX.IMAGESET-GAGBALL,https://rarbg.to/torrent/lx4idzj
HollyRandall.com_17.07.06.Adria.Rae.California.Sunshine.XXX.IMAGESET-GAGBALL,https://rarbg.to/torrent/zyehpgn
HollyRandall.com_17.07.11.Zoey.Taylor.Blondes.Have.More.Fun.XXX.IMAGESET-GAGBALL,https://rarbg.to/torrent/zbvm4lp
HollyRandall.com_17.07.15.Holly.Randall.Field.Of.Dreams.XXX.IMAGESET-GAGBALL,https://rarbg.to/torrent/fsd5827
HollyRandall.com_17.07.20.Aidra.Fox.Stone.Cold.Fox.XXX.IMAGESET-GAGBALL,https://rarbg.to/torrent/2ivl1ts
HollyRandall.com_17.07.27.Aubrey.Sinclair.Bikini.Babe.XXX.IMAGESET-GAGBALL,https://rarbg.to/torrent/4w1cino
HollyRandall.com_17.08.01.Ana.Foxxx.and.Damon.Dice.Wet.Hot.Summer.XXX.IMAGESET-GAGBALL,https://rarbg.to/torrent/udl4kza
HollyRandall.com_17.08.08.Uma.Jolie.Wild.Child.XXX.IMAGESET-GAGBALL,https://rarbg.to/torrent/8k4jd9u
HollyRandall.com_17.08.15.Karlee.Grey.Shades.Of.Grey.XXX.IMAGESET-GAGBALL,https://rarbg.to/torrent/cn736b8
HollyRandall.com_17.08.29.Gina.Valentina.Damn.Gina.XXX.IMAGESET-GAGBALL,https://rarbg.to/torrent/ghcm8i7
HollyRandall.com_17.08.31.Lana.Rhoades.Lip.Service.XXX.IMAGESET-GAGBALL,https://rarbg.to/torrent/3fthamr
HollyRandall.com_17.09.05.Ayumi.Anime.Ingenue.XXX.IMAGESET-GAGBALL,https://rarbg.to/torrent/y3jrp4v
HollyRandall.com_17.09.07.Romi.Rain.When.It.Rains.It.Pours.XXX.IMAGESET-GAGBALL,https://rarbg.to/torrent/dhfuck5
HollyRandall.com_17.09.14.Bailey.Rayne.Workshop.3.Bailey.Rayne.XXX.IMAGESET-GAGBALL,https://rarbg.to/torrent/w5b27os
HollyRandall.com_17.09.19.Riley.Reid.Get.Closer.XXX.IMAGESET-GAGBALL,https://rarbg.to/torrent/exp6lr8
HollyRandall.com_17.10.24.Amia.Miley.Bedroom.Eyes.XXX.IMAGESET-GAGBALL,https://rarbg.to/torrent/vy9leip
HollyRandall.com_17.10.31.Veronica.Rodriguez.It.Comes.At.Night.XXX.IMAGESET-GAGBALL,https://rarbg.to/torrent/s62z7ie
HollyRandall.com_17.11.09.Romi.Rain.Whispers.Of.Desire.XXX.IMAGESET-GAGBALL,https://rarbg.to/torrent/rq5gkix
HollyRandall.com_17.11.14.Elena.Koshka.California.Dreaming.XXX.IMAGESET-GAGBALL,https://rarbg.to/torrent/wcjo5xz
HollyRandall.com_17.11.21.Britney.Amber.The.Seductress.XXX.IMAGESET-GAGBALL,https://rarbg.to/torrent/74tl5im
HollyRandall.com_17.12.01.Riley.Reid.Sexy.In.Stockings.XXX.IMAGESET-GAGBALL,https://rarbg.to/torrent/9c4m7lq
HollyRandall.com_17.12.05.Val.Dodds.Shes.So.Cute.XXX.IMAGESET-GAGBALL,https://rarbg.to/torrent/md78s4x
HollyRandall.com_17.12.07.Giselle.Palmer.Get.Wet.XXX.IMAGESET-GAGBALL,https://rarbg.to/torrent/5psg8iv
HollyRandall.com_17.12.14.Lily.Labeau.Play.Me.Softly.XXX.IMAGESET-GAGBALL,https://rarbg.to/torrent/dhm68xe
HollyRandall.com_17.12.19.Violet.Starr.Ultra.Violet.XXX.IMAGESET-GAGBALL,https://rarbg.to/torrent/fx68lay
HollyRandall.com_17.12.26.Jill.Kassidy.Sweet.Talk.XXX.IMAGESET-GAGBALL,https://rarbg.to/torrent/rhyo7ng
HollyRandall.com_17.12.28.Jelena.Jensen.Champagne.Bubbles.XXX.IMAGESET-GAGBALL,https://rarbg.to/torrent/v3apju9
HollyRandall.com_18.01.11.Jillisa.Lynn.Rendezvous.XXX.IMAGESET-GAGBALL,https://rarbg.to/torrent/1i4wrnp
HollyRandall.com_18.01.16.Val.Dodds.Light.of.My.Life.XXX.IMAGESET-GAGBALL,https://rarbg.to/torrent/e6gv5wz
HollyRandall.com_18.01.23.Dillon.Harper.Dillon.in.Denim.XXX.IMAGESET-GAGBALL,https://rarbg.to/torrent/d86cpo4
HollyRandall.com_18.01.30.Melissa.Moore.Less.Is.Moore.XXX.IMAGESET-GAGBALL,https://rarbg.to/torrent/qlic1tm
HollyRandall.com_18.02.01.Sofi.Ryan.The.Lifestyle.XXX.IMAGESET-GAGBALL,https://rarbg.to/torrent/qkwzyr6
HollyRandall.com_18.02.08.Jelena.Jensen.and.Ryan.Keely.Wifey.XXX.IMAGESET-GAGBALL,https://rarbg.to/torrent/fphs6wn
HollyRandall.com_18.02.15.Scarlett.Sage.Scarlett.In.Stockings.XXX.IMAGESET-GAGBALL,https://rarbg.to/torrent/e9uwosr
HollyRandall.com_18.02.22.Ancilla.Tilia.Pink.Vintage.XXX.IMAGESET-GAGBALL,https://rarbg.to/torrent/3mlnuy4
HollyRandall.com_18.03.01.Dani.Daniels.Femme.Fatale.XXX.IMAGESET-GAGBALL,https://rarbg.to/torrent/g4rx8tu
HollyRandall.com_18.03.06.Angela.White.Magic.Mirror.XXX.IMAGESET-GAGBALL,https://rarbg.to/torrent/g3zy2o8
HollyRandall.com_18.03.08.Taylor.Vixen.The.Red.Door.XXX.IMAGESET-GAGBALL,https://rarbg.to/torrent/mr2x86g
HollyRandall.com_18.03.13.Connie.Carter.Professionally.Sexy.XXX.IMAGESET-GAGBALL,https://rarbg.to/torrent/f6vd7cz
HollyRandall.com_18.03.20.Ali.Rose.Sexting.XXX.IMAGESET-GAGBALL,https://rarbg.to/torrent/ostm3dw
HollyRandall.com_18.03.22.Jelena.Jensen.A.Step.Up.XXX.IMAGESET-GAGBALL,https://rarbg.to/torrent/gn3obfh
HollyRandall.com.18.04.03.Tahlia.Paris.A.View.To.Remember.XXX.IMAGESET-IEVA,https://rarbg.to/torrent/gmjht2q
HollyRandall.com.18.04.05.Lily.C.Lifes.A.Beach.XXX.IMAGESET-IEVA,https://rarbg.to/torrent/w6r5l13
HollyRandall.com.18.04.12.Deanna.Greene.Workshop.with.Deanna.Greene.XXX.IMAGESET-IEVA,https://rarbg.to/torrent/fveob1y
HollyRandall.com.18.04.19.Elsa.Jean.Happy.Hour.XXX.IMAGESET-IEVA,https://rarbg.to/torrent/jhlmzwu
HollyRandall.com.18.04.24.Lana.Rhoades.Summer.Vibes.XXX.IMAGESET-IEVA,https://rarbg.to/torrent/3d1utfl
HollyRandall.com.18.05.03.Karlee.Grey.Gifted.XXX.IMAGESET-IEVA,https://rarbg.to/torrent/zep96q8
HollyRandall.com.18.05.08.Emily.Bloom.Super.Bloom.XXX.IMAGESET-IEVA,https://rarbg.to/torrent/ezgpdq5
HollyRandall.com.18.05.10.Ivy.Wolfe.Caged.Wolfe.XXX.IMAGESET-IEVA,https://rarbg.to/torrent/4w1q89y
HollyRandall.com.18.05.17.Missy.Martinez.Got.Milf.XXX.IMAGESET-IEVA,https://rarbg.to/torrent/tsenvq4
HollyRandall.com.18.05.29.Mona.Romantic.Notions.XXX.IMAGESET-IEVA,https://rarbg.to/torrent/tdozl9m
HollyRandall.com.18.05.31.Molly.Stewart.Morning.Glory.XXX.IMAGESET-IEVA,https://rarbg.to/torrent/7jnfvul
HollyRandall.com.18.06.12.Annette.Dawn.Stay.XXX.IMAGESET-IEVA,https://rarbg.to/torrent/zuj1cbs
HollyRandall.com.18.06.14.Eliza.Ibarra.Pure.Seduction.XXX.IMAGESET-IEVA,https://rarbg.to/torrent/wa8h2do
HollyRandall.com.18.06.19.Skye.Blue.Skyes.The.Limit.XXX.IMAGESET-IEVA,https://rarbg.to/torrent/s5rhv42
HollyRandall.com.18.06.26.Emily.Bloom.A.Casual.Affair.XXX.IMAGESET-IEVA,https://rarbg.to/torrent/qtu6r92
HollyRandall.com.18.07.03.Bailey.Rayne.Let.It.Rayne.XXX.IMAGESET-IEVA,https://rarbg.to/torrent/adfot5q
HollyRandall.com.18.07.05.Cassidy.Cruise.Summer.Cruise.XXX.IMAGESET-IEVA,https://rarbg.to/torrent/1h5i2fv
HollyRandall.com.18.07.12.Lilit.Petite.Lilit.XXX.IMAGESET-IEVA,https://rarbg.to/torrent/bha6l1r
HollyRandall.com.18.07.17.Blair.Williams.Bohemian.Blair.XXX.IMAGESET-IEVA,https://rarbg.to/torrent/th7e9k8
HollyRandall.com.18.07.24.Eliza.Ibarra.Red.Lace.XXX.IMAGESET-IEVA,https://rarbg.to/torrent/6ueik48
HollyRandall.com.18.07.28.Holly.Randall.Rise.and.Shine.XXX.IMAGESET-IEVA,https://rarbg.to/torrent/5alsuyj
HollyRandall.com.18.07.31.Britney.Amber.Make.A.Splash.XXX.IMAGESET-IEVA,https://rarbg.to/torrent/8wmvr7b
HollyRandall.com.18.08.04.Holly.Randall.Babe.Watch.XXX.IMAGESET-IEVA,https://rarbg.to/torrent/t91j23c
HollyRandall.com.18.08.07.Bailey.Rayne.Paradise.Found.XXX.IMAGESET-IEVA,https://rarbg.to/torrent/5hpc2kx
HollyRandall.com.18.08.16.Cherie.Deville.Kiss.The.Cook.XXX.IMAGESET-IEVA,https://rarbg.to/torrent/jbnhwdi
HollyRandall.com.18.08.18.Holly.Randall.The.Equestrian.XXX.IMAGESET-IEVA,https://rarbg.to/torrent/jdv6bxn
HollyRandall.com.18.08.23.Alexis.Fawx.Lady.In.Red.XXX.IMAGESET-IEVA,https://rarbg.to/torrent/gm48rfw
HollyRandall.com.18.09.01.Sunny.Leone.Illumination.XXX.IMAGESET-IEVA,https://rarbg.to/torrent/oqermtc
HollyRandall.com.18.09.04.Ivy.Wolfe.Ivy.League.XXX.IMAGESET-IEVA,https://rarbg.to/torrent/3p6eyzl
HollyRandall.com.18.09.06.Lilly.Ford.Secret.Hideaway.XXX.IMAGESET-IEVA,https://rarbg.to/torrent/v2mrh75
HollyRandall.com.18.09.08.Holly.Randall.Field.Of.Dreams.XXX.IMAGESET-IEVA,https://rarbg.to/torrent/k3y28gl
HollyRandall.com.18.09.18.Ella.Silver.Silver.Lining.XXX.IMAGESET-IEVA,https://rarbg.to/torrent/w6sfija
HollyRandall.com.18.09.20.Anny.Aurora.Open.Invitation.XXX.IMAGESET-IEVA,https://rarbg.to/torrent/urocn8m
HollyRandall.com.18.09.27.Margo.Body.Language.XXX.IMAGESET-IEVA,https://rarbg.to/torrent/k2p9bdn
HollyRandall.com.18.10.02.Alexis.Fawx.A.Kiss.Upon.Awakening.XXX.IMAGESET-IEVA,https://rarbg.to/torrent/wvdszmh
HollyRandall.com.18.10.11.Bailey.Rayne.Workshop.5.XXX.IMAGESET-IEVA,https://rarbg.to/torrent/6xm39h2
HollyRandall.com.18.10.18.Cherie.Deville.Weekend.Getaway.XXX.IMAGESET-IEVA,https://rarbg.to/torrent/aq8s5xk
HollyRandall.com.18.10.25.Ella.Silver.Silver.And.Gold.XXX.IMAGESET-IEVA,https://rarbg.to/torrent/9j2y3qg
HollyRandall.com.18.10.30.Mona.Bird.of.Paradise.XXX.IMAGESET-IEVA,https://rarbg.to/torrent/kqy3fr2
HollyRandall.com.18.11.08.Cherie.Deville.Bikini.Carwash.XXX.IMAGESET-IEVA,https://rarbg.to/torrent/3bn8pcs
HollyRandall.com.18.11.10.Holly.Randall.Boxing.Bitch.XXX.IMAGESET-IEVA,https://rarbg.to/torrent/kz7fcio
HollyRandall.com.18.11.13.Alexis.Fawx.Breakfast.of.Champions.XXX.IMAGESET-IEVA,https://rarbg.to/torrent/o32ibex
HollyRandall.com.18.11.22.Lilit.Pretty.and.Petite.XXX.IMAGESET-IEVA,https://rarbg.to/torrent/61d4o2s
HollyRandall.com.18.11.29.Nicole.Aniston.Bathing.Beauty.XXX.IMAGESET-IEVA,https://rarbg.to/torrent/qlhg4zj
HollyRandall.com.18.12.06.Cherie.Deville.Kiss.The.Cook.XXX.IMAGESET-IEVA,https://rarbg.to/torrent/vinh7ux
HollyRandall.com.18.12.13.Brett.Rossi.Ranch.Girl.XXX.IMAGESET-IEVA,https://rarbg.to/torrent/xpdtcu2
HollyRandall.com.18.12.25.Aidra.Fox.Raise.the.Bar.XXX.IMAGESET-IEVA,https://rarbg.to/torrent/na21v6o
HollyRandall.com.19.01.01.Nicole.Aniston.Tiki.Princess.XXX.IMAGESET-IEVA,https://rarbg.to/torrent/ils3u7q
HollyRandall.com.19.01.08.Lyra.Law.Law.Abiding.XXX.IMAGESET-IEVA,https://rarbg.to/torrent/svwjmh2
HollyRandall.com.19.01.15.Abigail.Mac.Whispers.of.Passion.XXX.IMAGESET-IEVA,https://rarbg.to/torrent/u6j5fhg
HollyRandall.com.19.01.22.Bobbi.Dylan.Sugar.and.Spice.XXX.IMAGESET-IEVA,https://rarbg.to/torrent/1shgko3
HollyRandall.com.19.01.29.Nicole.Aniston.American.Cowgirl.XXX.IMAGESET-IEVA,https://rarbg.to/torrent/6dij4bc
HollyRandall.com.19.02.05.Mona.Lustful.Thoughts.XXX.IMAGESET-IEVA,https://rarbg.to/torrent/o358cyr
HollyRandall.com.19.02.12.Quinn.Wilde.Wilde.Thing.XXX.IMAGESET-IEVA,https://rarbg.to/torrent/v5l1rep
HollyRandall.com.19.02.19.Aaliyah.Love.Love.Me.Do.XXX.IMAGESET-IEVA,https://rarbg.to/torrent/ido9g4y
HollyRandall.com.19.02.21.Tory.Lane.Anal.Player.XXX.IMAGESET-IEVA,https://rarbg.to/torrent/bf5xeot
HollyRandall.com.19.02.28.Aaliyah.Love.Love.Me.Do.XXX.IMAGESET-IEVA,https://rarbg.to/torrent/e21aidf
HollyRandall.com.19.03.19.Natasha.Nice.Nicely.Done.XXX.IMAGESET-IEVA,https://rarbg.to/torrent/6lq4mzo
HollyRandall.com.19.03.26.Aaliyah.Love.Vampy.XXX.IMAGESET-IEVA,https://rarbg.to/torrent/q3lhx8s
HollyRandall.com.19.04.04.Kira.Noir.Body.Language.XXX.IMAGESET-IEVA,https://rarbg.to/torrent/aw17sfx
HollyRandall.com.19.04.25.Izzy.Lush.Lush.Life.XXX.IMAGESET-IEVA,https://rarbg.to/torrent/7cvibxa
HollyRandall.com.19.05.09.Scarlett.Sage.Sage.Advice.XXX.IMAGESET-IEVA,https://rarbg.to/torrent/b46zw3m
HollyRandall.com.19.05.21.Sabina.Rouge.Gypsy.Soul.XXX.IMAGESET-IEVA,https://rarbg.to/torrent/rjlqsz6
HollyRandall.com.19.05.28.Holly.Randall.Smoke.On.The.Water.XXX.IMAGESET-IEVA,https://rarbg.to/torrent/d3x1zy7
HollyRandall.com.19.05.30.Gabbie.Carter.Sexual.Awakening.XXX.IMAGESET-IEVA,https://rarbg.to/torrent/5uwzjyv
HollyRandall.com.19.06.06.Sophie.Sparks.Spark.of.Light.XXX.IMAGESET-IEVA,https://rarbg.to/torrent/cmj7k8n
HollyRandall.com.19.06.13.Hilary.C.Greetings.from.Kiev.XXX.IMAGESET-IEVA,https://rarbg.to/torrent/8p3btro
HollyRandall.com.19.06.20.Alexis.Fawx.Cowgirl.Blues.XXX.IMAGESET-IEVA,https://rarbg.to/torrent/zi3p2lv
HollyRandall.com.19.06.27.Naomi.Swann.Swan.Song.XXX.IMAGESET-IEVA,https://rarbg.to/torrent/fiqxaj6
HollyRandall.com.19.07.05.Gia.Derza.Exotic.Flair.XXX.IMAGESET-IEVA,https://rarbg.to/torrent/ks43h5c
HollyRandall.com.19.07.11.Jade.Baker.Prettiest.Girl.in.Town.XXX.IMAGESET-IEVA,https://rarbg.to/torrent/z93jk6n
HollyRandall.com.19.07.18.Gianna.Dior.Stairway.To.Heaven.XXX.IMAGESET-IEVA,https://rarbg.to/torrent/ceaxym2
HollyRandall.com.19.07.25.Hilary.C.All.Natural.XXX.IMAGESET-IEVA,https://rarbg.to/torrent/d8bxct3
HollyRandall.com.19.08.08.Emily.Addison.Polka.Dots.XXX.IMAGESET-IEVA,https://rarbg.to/torrent/mi8rflj
HollyRandall.com.19.08.15.Sybil.Sweet.Sybil.XXX.IMAGESET-IEVA,https://rarbg.to/torrent/zuq2xki
HollyRandall.com.19.08.22.Lacy.Lennon.Hello.Sunshine.XXX.IMAGESET-IEVA,https://rarbg.to/torrent/uvdocji
HollyRandall.com.19.08.29.Julia.Ann.Legendary.XXX.IMAGESET-IEVA,https://rarbg.to/torrent/f7439mu
HollyRandall.com.19.09.05.Valentina.Nappi.Working.Overtime.XXX.IMAGESET-IEVA,https://rarbg.to/torrent/sk8bntu
HollyRandall.com.19.09.12.Gabbie.Carter.Symphony.XXX.IMAGESET-IEVA,https://rarbg.to/torrent/q4y6rh9
HollyRandall.com.19.09.19.Karma.RX.Pool.Party.XXX.IMAGESET-IEVA,https://rarbg.to/torrent/2l378vg
HollyRandall.com.19.09.26.Kendra.Spade.Sex.and.Power.XXX.IMAGESET-IEVA,https://rarbg.to/torrent/6do7ifl
HollyRandall.com.19.10.01.Kendra.Spade.Sex.and.Power.XXX.IMAGESET-IEVA,https://rarbg.to/torrent/f6cjsom
HollyRandall.com.19.10.08.Liv.Wild.Wild.Child.XXX.IMAGESET-IEVA,https://rarbg.to/torrent/z9divxf
HollyRandall.com.19.10.15.Bunny.Colby.Vanity.Fair.XXX.IMAGESET-IEVA,https://rarbg.to/torrent/q7xgl29
HollyRandall.com.19.10.22.Angeline.Private.Retreat.XXX.IMAGESET-IEVA,https://rarbg.to/torrent/m7ejo5r
HollyRandall.com.19.10.29.Anya.Olsen.Ambrosia.XXX.IMAGESET-IEVA,https://rarbg.to/torrent/l8wjsqv
HollyRandall.com.19.11.05.Leona.Mia.Pretty.and.Petite.XXX.IMAGESET-IEVA,https://rarbg.to/torrent/ywoth3m
HollyRandall.com.19.11.12.Zarina.Babe.in.the.Woods.XXX.IMAGESET-IEVA,https://rarbg.to/torrent/m2h9u1c
HollyRandall.com.19.11.14.Emily.Bloom.In.Full.Bloom.XXX.IMAGESET-IEVA,https://rarbg.to/torrent/uhisgqe
HollyRandall.com.19.11.26.Jelena.Jensen.Black.Box.REMASTERED.XXX.IMAGESET-IEVA,https://rarbg.to/torrent/48efpbz
HollyRandall.com.19.12.03.Maya.Kendrick.Redhead.Redemption.XXX.IMAGESET-IEVA,https://rarbg.to/torrent/dvt4myj
HollyRandall.com.19.12.10.Vanessa.Lake.Up.The.Down.Staircase.REMASTERED.XXX.IMAGESET-IEVA,https://rarbg.to/torrent/dh397k5
HollyRandall.com.19.12.12.Clarice.Book.Smart.XXX.IMAGESET-IEVA,https://rarbg.to/torrent/15ixod7
HollyRandall.com.19.12.17.Dita.V.Moody.XXX.IMAGESET-IEVA,https://rarbg.to/torrent/tu9niwe
HollyRandall.com.19.12.24.Kenna.James.Feeling.the.Spirit.XXX.IMAGESET-IEVA,https://rarbg.to/torrent/mnx3yjp
HollyRandall.com.19.12.31.Alice.Shea.Alice.in.Wonderland.XXX.IMAGESET-IEVA,https://rarbg.to/torrent/kdl2auy
HollyRandall.com.20.01.07.Adriana.Chechik.Bedroom.Romance.XXX.IMAGESET-IEVA,https://rarbg.to/torrent/96vslza
HollyRandall.com.20.01.16.Bailey.Rayne.Clean.and.Simple.XXX.IMAGESET-IEVA,https://rarbg.to/torrent/wfg8439
HollyRandall.com.20.01.21.Avery.Wildest.Dreams.XXX.IMAGESET-IEVA,https://rarbg.to/torrent/bhay3jd
HollyRandall.com.20.01.28.Augustina.That.Funny.Feeling.XXX.IMAGESET-IEVA,https://rarbg.to/torrent/9pdzgbh
HollyRandall.com.20.01.30.Alexis.Texas.Purple.Bikini.XXX.IMAGESET-IEVA,https://rarbg.to/torrent/o21ljka
HollyRandall.com.20.02.04.Alice.Shea.Luxury.Hotel.Romp.XXX.IMAGESET-IEVA,https://rarbg.to/torrent/g67bj9v
HollyRandall.com.20.02.11.Leona.Mia.Warm.Welcome.XXX.IMAGESET-IEVA,https://rarbg.to/torrent/helbk62
HollyRandall.com.20.02.25.Angeline.Doorway.Desires.XXX.IMAGESET-IEVA,https://rarbg.to/torrent/w3obysj
HollyRandall.com.20.03.05.Augustina.Paradise.Found.XXX.IMAGESET-IEVA,https://rarbg.to/torrent/ynrb8of
HollyRandall.com.20.03.10.Lacy.Lennon.Urban.Jungle.XXX.IMAGESET-IEVA,https://rarbg.to/torrent/lw9p3xd
HollyRandall.com.20.03.17.Leona.Mia.Fast.Car.XXX.IMAGESET-IEVA,https://rarbg.to/torrent/s3zkb9v
HollyRandall.com.20.03.19.Dillion.Harper.Deep.Blue.XXX.IMAGESET-IEVA,https://rarbg.to/torrent/3rq1afl
HollyRandall.com.20.03.24.Emily.Bloom.Shadow.Play.XXX.IMAGESET-IEVA,https://rarbg.to/torrent/5o8ivr7
HollyRandall.com.20.03.26.Anissa.Kate.French.Dressing.XXX.IMAGESET-IEVA,https://rarbg.to/torrent/qp5ifvu
HollyRandall.com.20.03.31.Jewlz.Blu.Feeling.Blu.XXX.IMAGESET-IEVA,https://rarbg.to/torrent/pcgfrwu
HollyRandall.com.20.04.07.Skye.Blue.Bright.Skye.XXX.IMAGESET-IEVA,https://rarbg.to/torrent/atmulfp
HollyRandall.com.20.04.09.Teagan.Presley.Hidden.Treasure.XXX.IMAGESET-IEVA,https://rarbg.to/torrent/jzcnfkm
HollyRandall.com.20.04.14.Tina.Reese.All.Natural.in.Paradise.XXX.IMAGESET-IEVA,https://rarbg.to/torrent/nbqxoyu
HollyRandall.com.20.04.23.Destiny.Dixon.Your.Personal.Destiny.XXX.IMAGESET-IEVA,https://rarbg.to/torrent/n84odvw
HollyRandall.com.20.04.28.Eva.Tali.Feeling.Bright.and.Sunny.XXX.IMAGESET-IEVA,https://rarbg.to/torrent/t4f6rb2
HollyRandall.com.20.05.12.Alisin.Reading.Between.the.Lines.XXX.IMAGESET-IEVA,https://rarbg.to/torrent/c7j9tk6
HollyRandall.com.20.05.21.Skin.Diamond.Schools.In.Session.XXX.IMAGESET-IEVA,https://rarbg.to/torrent/w62psd7
HollyRandall.com.20.05.26.Madison.Ivy.Masked.Beauty.REMASTERED.XXX.IMAGESET-IEVA,https://rarbg.to/torrent/nrb5o4g
HollyRandall.com.20.06.04.Holly.Michaels.Brunettes.Do.it.Better.XXX.IMAGESET-IEVA,https://rarbg.to/torrent/gr9myxn
HollyRandall.com.20.06.09.Debora.Work.it.Out.XXX.IMAGESET-IEVA,https://rarbg.to/torrent/6ziha4d
HollyRandall.com.20.06.16.Skye.Blue.Psychedelic.XXX.IMAGESET-IEVA,https://rarbg.to/torrent/us4jr9p
HollyRandall.com.20.06.23.Alisin.Bedside.Manner.XXX.IMAGESET-IEVA,https://rarbg.to/torrent/c95sita
HollyRandall.com.20.06.30.Angel.Dark.Dark.Angel.XXX.IMAGESET-IEVA,https://rarbg.to/torrent/ra1smyn
HollyRandall.com.20.07.02.Missa.Soft.Glamour.XXX.IMAGESET-IEVA,https://rarbg.to/torrent/x4ks5fd
HollyRandall.com.20.07.07.Anny.Aurora.Moving.Day.XXX.IMAGESET-IEVA,https://rarbg.to/torrent/yze3aig
HollyRandall.com.20.07.14.Ora.Young.Red.Room.XXX.IMAGESET-IEVA,https://rarbg.to/torrent/sn173cf
HollyRandall.com.20.07.21.Debora.Drinks.in.Bed.XXX.IMAGESET-IEVA,https://rarbg.to/torrent/r4mjeuw
